<?xml version="1.0" encoding="UTF-8" ?>
	<!DOCTYPE mapper PUBLIC "-//mybatis.org//DTD Mapper 3.0//EN"
		"http://mybatis.org/dtd/mybatis-3-mapper.dtd">

<mapper namespace="com.ssafy.home.mapper.AptDao">

	<resultMap type="aptDto" id="apt">
		<result column="aptCode" property="aptCode"/>
		<result column="buildYear" property="buildYear"/>
		<result column="roadName" property="roadName"/>
		<result column="dong" property="dong"/>
		<result column="dongCode" property="dongCode"/>
		<result column="apartmentName" property="apartmentName"/>
		<result column="lng" property="lng"/>
		<result column="lat" property="lat"/>
	</resultMap>
	
	<resultMap type="aptDealDto" id="aptDeal">
		<result column="no" property="no"/>
		<result column="dealAmount" property="dealAmount"/>
		<result column="dealYear" property="dealYear"/>
		<result column="dealMonth" property="dealMonth"/>
		<result column="dealDay" property="dealDay"/>
		<result column="area" property="area"/>
		<result column="floor" property="floor"/>
		<result column="aptCode" property="aptCode"/>
	</resultMap>

	<select id="getAptList" parameterType="string" resultMap="apt">
		SELECT apartmentName, aptCode, lng, lat
		FROM houseinfo
		WHERE dongCode=#{dongCode}
	</select>
	
	<select id="getAptDealList" parameterType="string" resultMap="aptDeal">
		SELECT dealAmount, dealYear, dealMonth, dealDay, area, floor
		FROM housedeal
		WHERE aptCode=#{aptCode}
	</select>
	
</mapper>