<?xml version="1.0" encoding="UTF-8" ?>
<!DOCTYPE mapper PUBLIC "-//mybatis.org//DTD Mapper 3.0//EN" 
	"http://mybatis.org/dtd/mybatis-3-mapper.dtd">

<mapper namespace="com.ssafy.home.mapper.BoardDao">

	<resultMap type="boardDto" id="article">
		<result column="article_no" property="articleNo"/>
		<result column="id" property="id"/>
		<result column="name" property="name"/>
		<result column="subject" property="subject"/>
		<result column="content" property="content"/>
		<result column="hit" property="hit"/>
		<result column="register_time" property="registerTime"/>
	</resultMap>
	
	<resultMap type="memoDto" id="memo">
		<result column="article_no" property="article_no"/>
		<result column="id" property="id"/>
		<result column="memo_no" property="memo_no"/>
		<result column="comment" property="comment"/>
		<result column="memo_time" property="memo_time"/>
	</resultMap>
	

	<insert id="writeArticle" parameterType="boardDto">
		insert into board (id, subject, content, hit, register_time)
		values (#{id}, #{subject}, #{content}, 0, now())
		<selectKey resultType="int" keyProperty="articleNo" order="AFTER">
			select last_insert_id()
		</selectKey>
	</insert>
	

	<sql id="search">
		<if test="word != null and word != ''">
			<if test="key == 'subject'">
				and subject like concat('%', #{word}, '%')
			</if>
			<if test="key != 'subject'">
				and ${key} = #{word}
			</if>
		</if>
	</sql>

	<select id="listArticle" resultMap="article">
		select b.article_no, b.id, b.subject, b.content, b.hit, b.register_time, u.name
		from board b, users u 
		where b.id = u.id and u.id != 'admin'
		<include refid="search"></include>
		order by b.article_no desc
		limit #{start}, #{listsize}
	</select>
	
	
	
	<select id="listAdminArticle" resultMap="article">
		select b.article_no, b.id, b.subject, b.content, b.hit, b.register_time, u.name
		from board b, users u 
		where b.id = u.id and u.id = 'admin'
		<include refid="search"></include>
		order by b.article_no desc
		<!-- limit #{start}, #{listsize} -->
	</select>
	
	
	<select id="getTotalArticleCount" parameterType="map" resultType="int">
		select count(article_no)
		from board
		<where>
			<include refid="search"></include>
		</where>
	</select>
	
	<select id="getArticle" parameterType="int" resultMap="article">
		select b.article_no, b.id, b.subject, b.content, b.hit, b.register_time, u.name 
		from board b, users u
		where b.id = u.id
		and b.article_no = #{articleNo}
	</select>
	
	
	<update id="updateHit" parameterType="int">
		update board
		set hit = hit + 1
		where article_no = #{articleNo}
	</update>
	
	<update id="modifyArticle" parameterType="boardDto">
		update board
		set subject = #{subject}, content = #{content}
		where article_no = #{articleNo}
	</update>
	
	
	<delete id="deleteArticle" parameterType="int">
		delete from board
		where article_no = #{articleNo}
	</delete>
	
	<insert id="writeMemo" parameterType="memoDto">
		insert into memo (memo_no, id, comment, memo_time, article_no)
		values (#{memo_no}, #{id}, #{comment}, now(), #{article_no})
		<selectKey resultType="int" keyProperty="article_no" order="AFTER">
			select last_insert_id()
		</selectKey>
	</insert>
	
	<select id="getMemo" parameterType="int" resultMap="memo">
		select article_no, id, memo_no, comment, memo_time
		from memo 
		where article_no = #{article_no}
		order by memo_time
	</select>
	
	<update id="UpdateMemo" parameterType="memoDto">
		update memo
		set  id = #{id}, memo_time = now(), comment = #{comment}
		where memo_no = #{memo_no}
	</update>
	
	<delete id="DeleteMemo" parameterType="int">
		delete from memo
		where memo_no = #{memo_no}
	</delete>

</mapper>