<?xml version="1.0" encoding="UTF-8" ?>
	<!DOCTYPE mapper PUBLIC "-//mybatis.org//DTD Mapper 3.0//EN"
		"http://mybatis.org/dtd/mybatis-3-mapper.dtd">

<mapper namespace="com.ssafy.home.mapper.FavoriteDao">

	<resultMap type="favoriteDto" id="favorite">
		<result column="idx" property="idx"/>
		<result column="sidoName" property="sidoName"/>
		<result column="gugunName" property="gugunName"/>
		<result column="dongName" property="dongName"/>
		<result column="aptCode" property="aptCode"/>
		<result column="userid" property="userid"/>
		<result column="apartmentName" property="apartmentName"/>
	</resultMap>
	
	<insert id="registFavorite" parameterType="favoriteDto">
		insert into favorites (sidoName, gugunName, dongName, aptCode, userid, apartmentName) values (#{sidoName}, #{gugunName}, #{dongName}, #{aptCode}, #{userid}, #{apartmentName})
	</insert>
	
	<select id="listFavorite" parameterType="string" resultMap="favorite">
		select sidoName, gugunName, dongName, aptCode, apartmentName
		from favorites
		where userid = #{userid}
	</select>
	
	<select id="checkFavorite" parameterType="favoriteDto" resultType="int">
		select count(*)
		from favorites
		where aptCode = #{aptCode} and userid = #{userid}
	</select>
	
	<delete id="deleteFavorite" parameterType="favoriteDto">
		delete from favorites where idx >= 0 and aptCode=#{aptCode} and userid=#{userid}
	</delete>
	
</mapper>