<?xml version="1.0" encoding="UTF-8" ?>
<!DOCTYPE mapper PUBLIC "-//mybatis.org//DTD Mapper 3.0//EN" 
	"http://mybatis.org/dtd/mybatis-3-mapper.dtd">

<mapper namespace="com.ssafy.home.mapper.UserDao"><!--DAO의 경로를 넣으세요-->
	
	<resultMap type="UserDto" id="user">
		<result column="id" property="id"/>
		<result column="pwd" property="pwd"/>
		<result column="name" property="name"/>
		<result column="email" property="email"/>
		<result column="phone" property="phone"/>
	</resultMap>
	
	
	<select id="userLogin" parameterType="UserDto" resultType="UserDto">
		select * from users where id = #{id} and pwd = #{pwd} and valid = 0
	</select> 
	
	<insert id="userEnroll" parameterType="UserDto">
		insert into users (id, pwd, name, email, phone) values (#{id}, #{pwd}, #{name}, #{email}, #{phone})
	</insert>
	
	<update id="userModify" parameterType="UserDto">
		update users set id = #{id}, pwd = #{pwd}, name = #{name}, email = #{email}, phone = #{phone} where id = #{id}
	</update>
	
	<delete id="userDelete" parameterType="String">
		<!-- delete from users where id = ${id} -->
		update users set valid = 1 where id = ${id}
	</delete>
	
	<select id="findById" parameterType="String" resultType="String">
		select pwd from users where id = ${id}
	</select> 
	
	<select id="getUser" parameterType="String" resultType="Object">
		select valid from users where id = ${id}
	</select> 
	
	<select id="getEmail" parameterType="String" resultType="String">
		select email from users where id = ${id}
	</select>
	
	
</mapper>